{"cameraMode":{"drawMode":0,"name":"Shaded","section":"Shading Mode"},"sceneLighting":true,"audioPlay":false,"sceneViewState":{"m_AlwaysRefresh":false,"showFog":true,"showSkybox":true,"showFlares":true,"showImageEffects":true,"showParticleSystems":true,"showVisualEffectGraphs":true,"m_FxEnabled":true},"in2DMode":false,"pivot":{"x":0.7772552967071533,"y":6.361854553222656,"z":-15.407892227172852},"rotation":{"x":0.08353348076343537,"y":-0.36756840348243716,"z":0.03317074477672577,"w":0.9256423115730286},"size":15.681353569030762,"orthographic":true}